wgn,wgn,wgn,wgn,wgn,wgn,wgn,wgn,wgn,wgn,wgn,wgn,wgn,wgn,wgn,wgn,wgn,wgn,wgn,wgn,wgn,wgn,wgn,wgn,wgn,wgn,wgn
wgn,wgn,rcn,rcn,rcn,rcn,wgn,fgn,wgn,rpn,rpn,rpn,rpn,rpn,wgn,wgn,rln,rln,rln,wgn,fgn,wgn,rsn,rsn,rsn,rsn,wgn
wgn,wgn,rcn,rcn,rcn,rcn,rcn,fgn,fgn,rpn,rpn,rpn,rpn,ipn,ogn,rln,rln,rln,rln,rln,fgn,fgn,rsn,rsn,rsn,rsn,wgn
wgn,wgn,rcn,rcn,rcp,rcn,crn,fgn,fgn,rpn,rpn,rpn,rpn,rpn,fgn,rln,rln,rln,rln,rln,fgn,fgn,rsn,rsn,rsn,rsn,wgn
wgn,wgn,rcn,rcn,rcn,rcn,rcn,fgn,fgn,rpn,rpn,rpp,rpn,rpn,ogn,iln,rln,rlp,rln,rln,fgn,fgn,rsn,rsp,rsn,rsn,wgn
wgn,wgn,rcn,rcn,rcn,rcn,icn,fgn,fgn,rpn,rpn,rpn,rpn,rpn,fgn,rln,rln,rln,rln,rln,fgn,fgn,rsn,rsn,rsn,rsn,wgn
wgn,wgn,rcn,rcn,rcn,rcn,ogn,fgn,fgn,rpn,ipn,rpn,rpn,rpn,fgn,rln,rln,rln,rln,rln,fgn,fgn,rsn,rsn,rsn,rsn,wgn
wgn,wgn,wgn,fgn,fgn,fgn,fgn,fgn,fgn,fgn,ogn,fgn,fgn,fgn,fgn,fgn,rln,iln,rln,fgn,fgn,ogn,isn,rsn,rsn,wgn,wgn
wgn,wgn,fgn,fgn,fgn,fgn,ogn,fgn,fgn,fgn,fgn,fgn,fgn,fgn,fgn,fgn,fgn,ogn,fgn,fgn,fgn,fgn,fgn,fgn,fgn,fgn,wgn
wgn,wgn,fgn,rbn,rbn,rbn,ibn,rbn,rbn,fgn,fgn,fgn,fgn,fgn,fgn,fgn,fgn,fgn,fgn,fgn,fgn,ogn,fgn,fgn,fgn,wgn,wgn
wgn,fgn,fgn,rbn,rbn,rbn,rbn,rbn,ibn,ogn,fgn,wgn,wgn,wgn,wgn,wgn,wgn,wgn,fgn,rhn,rhn,ihn,rhn,rhn,rhn,rhn,wgn
wgn,wgn,rbn,rbn,rbn,rbn,rbn,rbn,rbn,fgn,fgn,wgn,wgn,wgn,wgn,wgn,wgn,wgn,fgn,rhn,rhn,rhn,rhn,rhn,rhn,rhn,wgn
wgn,wgn,rbn,rbn,rbn,rbn,rbn,rbn,rbn,fgn,fgn,wgn,wgn,wgn,wgn,wgn,wgn,wgn,ogn,ihn,rhn,rhn,rhn,rhn,rhn,rhn,wgn
wgn,wgn,rbn,rbn,rbn,rbp,rbn,rbn,rbn,fgn,fgn,wgn,wgn,wgn,wgn,wgn,wgn,wgn,ogn,ihn,rhn,rhn,rhp,rhn,rhn,rhn,wgn
wgn,wgn,rbn,rbn,rbn,rbn,rbn,rbn,rbn,fgn,fgn,wgn,wgn,wgn,wgn,wgn,wgn,wgn,fgn,rhn,rhn,rhn,rhn,rhn,rhn,rhn,wgn
wgn,fgn,fgn,rbn,rbn,rbn,rbn,rbn,ibn,ogn,fgn,fgn,fgn,fgn,fgn,fgn,fgn,fgn,fgn,rhn,rhn,rhn,rhn,rhn,rhn,rhn,wgn
wgn,wgn,fgn,rbn,rbn,rbn,ibn,rbn,rbn,fgn,fgn,fgn,fgn,ogn,fgn,fgn,fgn,fgn,fgn,fgn,fgn,fgn,fgn,fgn,fgn,wgn,wgn
wgn,wgn,fgn,fgn,fgn,fgn,ogn,fgn,fgn,fgn,fgn,rdn,rdn,idn,rdn,rdn,rdn,fgn,fgn,fgn,fgn,fgn,fgn,fgn,fgn,fgn,wgn
wgn,wgn,wgn,fgn,fgn,fgn,fgn,fgn,fgn,fgn,fgn,rdn,rdn,rdn,rdn,rdn,idn,ogn,fgn,ogn,iLn,rLn,rLn,rLn,rLn,wgn,wgn
wgn,wgn,rkn,rkn,rkn,rkn,rkn,rkn,fgn,fgn,fgn,rdn,rdn,rdn,rdn,rdn,rdn,fgn,fgn,fgn,rLn,rLn,rLn,rLn,rLn,rLn,wgn
wgn,wgn,rkn,rkn,rkn,rkn,rkn,ikn,ogn,fgn,rdn,rdn,rdn,rdn,rdn,rdn,rdn,fgn,fgn,fgn,rLn,rLn,rLn,rLn,rLn,rLn,wgn
wgn,wgn,rkn,rkn,rkn,rkn,rkn,rkn,fgn,fgn,rdn,rdn,rdn,rdp,rdn,rdn,rdn,fgn,fgn,fgn,rLn,rLn,rLp,rLn,rLn,rLn,wgn
wgn,wgn,rkn,rkn,rkp,rkn,rkn,rkn,fgn,fgn,rdn,rdn,rdn,rdn,rdn,rdn,rdn,fgn,fgn,fgn,rLn,rLn,rLn,rLn,rLn,rLn,wgn
wgn,wgn,rkn,rkn,rkn,rkn,rkn,rkn,fgn,fgn,rdn,rdn,rdn,rdn,rdn,rdn,rdn,fgn,fgn,fgn,rLn,rLn,rLn,rLn,rLn,rLn,wgn
wgn,wgn,rkn,rkn,rkn,rkn,rkn,rkn,fgn,wgn,rdn,rdn,rdn,rdn,rdn,rdn,rdn,wgn,fgn,wgn,rLn,rLn,rLn,rLn,rLn,rLn,wgn
wgn,wgn,wgn,wgn,wgn,wgn,wgn,wgn,wgn,wgn,wgn,wgn,wgn,wgn,wgn,wgn,wgn,wgn,wgn,wgn,wgn,wgn,wgn,wgn,wgn,wgn,wgn
